Name,Adress,Email,Zipcode
Linda Bullock,"9708 Taylor Ridges
Westport, IN 76672",brianlopez@example.net,83372
Vicki Gallagher,"Unit 2644 Box 1188
DPO AE 97851",danielbartlett@example.com,92638
Jennifer Chan,"Unit 3143 Box 4222
DPO AA 17358",rwright@example.com,77029
Cassandra Martin,"35765 Regina Court
Haleytown, KS 35262",kthompson@example.net,04433
Scott Garcia,"60740 Johnson Vista Apt. 626
Kristenberg, OK 81288",floresrobert@example.com,23483
Stephanie Erickson,"Unit 7036 Box 1961
DPO AE 55599",sharondiaz@example.com,24940
Kendra Lloyd,"176 Isaiah Stravenue Suite 018
Port Kellishire, AL 71039",jamie10@example.net,14418
Darren Pruitt,"PSC 6315, Box 7976
APO AA 66137",huntershawn@example.org,74233
Darlene Singh,"8459 Nguyen Alley Suite 535
Nicolehaven, SD 36751",kwebb@example.net,75926
Douglas Lester,"72820 Stephanie Skyway Suite 468
Leeton, MD 23495",marklester@example.org,47067
Amber Taylor,"3195 Nathan Branch
Whitneymouth, NY 11350",iserrano@example.com,60498
Kenneth Hicks,"78863 Rivers Knolls Suite 682
New Jesus, CT 17855",ekim@example.com,06896
Jesse Smith,"2921 Warren Drives
Lake Troy, MT 58788",ryanwallace@example.org,02691
Lindsay Flynn,"1081 Robert Track
North Biancaville, KS 08904",kimberlyvazquez@example.org,35163
Alicia Castillo,"1938 Booker Inlet
West Kyleview, MS 42473",hoffmanmelissa@example.com,65085
Megan Bryant,"55546 Ruben Lodge Apt. 867
Port Lauraland, UT 86955",hjohnson@example.org,72280
Nathaniel Smith,"610 Scott Heights
North Amber, SD 67331",grodriguez@example.com,67703
Lisa Kirk DDS,"28668 Lopez Isle
Prattbury, ME 61204",courtney10@example.net,67827
Samantha Michael,"4338 Stephen Wall Apt. 773
Goodmanmouth, IN 34009",evansbrian@example.org,43316
Nathan Turner,"83559 White Square
Clarenceton, CT 15921",alexis47@example.net,94333
Craig Sullivan,"30829 Meadows Roads
Lake Gregoryview, NH 74287",fhiggins@example.com,04165
William Johnson,"36236 Gonzalez Summit
Geraldport, NJ 17756",patty31@example.com,79815
Ms. Katie Perkins,"432 Potter Lights
Kleinton, HI 44545",allison27@example.net,78429
Jason Lewis,"0095 Sharon Curve
Campbellstad, IL 65992",calexander@example.net,59911
Anna Riley,"7664 Wright Groves
North Melindachester, KS 37231",shelby54@example.net,37780
Robert Gardner,"58131 Roberts Rapid Apt. 374
Rodneymouth, MO 16100",ychapman@example.com,96711
Mary Calderon,"Unit 5434 Box 0180
DPO AA 20024",chad51@example.org,06956
Ricky Davis,"031 Calvin Loaf
Gomezview, DC 82984",blackjennifer@example.net,46541
Michelle Thomas,"PSC 2780, Box 2867
APO AE 03490",phillipsmichael@example.com,10912
Thomas Weaver,"57990 Baker Walks Apt. 259
New Andrewmouth, WA 33445",pwilliams@example.com,89290
Laura Smith,"39254 Odom Groves
Haydenview, CA 14916",sarah49@example.net,91409
Lauren Morales,"46661 Phillips Burgs Suite 127
Benitezport, ND 23515",cherrymary@example.net,35669
John Baker,"9000 Zachary Causeway
Port Philip, VT 14406",ijacobs@example.org,85500
Leah Bailey,"9572 Kim Estate Apt. 519
Lake Wyatt, NY 28179",cjohnson@example.net,87448
Tara Day,"0541 Craig Bypass
East Jeffrey, NC 72832",heather42@example.net,43280
Sarah Payne,"PSC 4176, Box 3513
APO AA 59574",iwagner@example.com,46430
Todd Contreras,"927 James Junctions
South Paulland, ME 55231",ryan98@example.com,44134
Louis Doyle,"534 Taylor Isle
Port Robinchester, VT 46878",sara74@example.org,32307
Matthew Nguyen,"97759 Adams Crossing Apt. 249
West Debbie, SC 02586",hhill@example.net,03817
Aaron Trevino,"4096 Kirk Square
South Margaret, TX 17694",andrew48@example.com,28333
Kathleen Brooks,"9976 Katherine Causeway
Cunninghamville, DE 21656",kimberly40@example.net,51868
Brian Parks,"USS Beasley
FPO AA 65480",escott@example.net,48084
Mary Smith,"76527 Mikayla Spurs Suite 533
West Sydneyland, WV 93481",sara08@example.net,03433
Patricia Wells,"3750 Melissa Manors
Changton, FL 53418",davisalexa@example.com,37571
Juan Hunt,"3019 Whitaker Oval Suite 433
Michealland, NM 06363",matthew48@example.org,99099
Brooke Allen,"61452 Brian Courts
Rileyport, GA 61634",theodoredavis@example.org,96654
David Lara,"0175 Willis Lodge Apt. 197
Adamston, WA 96568",uwhite@example.net,44259
Maurice Thompson,"24833 Rachel Course
Lake Aaronfurt, GA 34092",jean99@example.org,29721
David Fitzgerald,"0644 Tiffany Extensions
Paulside, CO 97624",nicholaswise@example.org,72983
Robert Arellano,"367 Russell Island Suite 720
Downsstad, LA 73293",cgriffin@example.com,14157
